,bin,freq_mean,margin_of_error
0,1,0.30565341224338816,0.013988235304444666
1,2,0.296831928345627,0.014092227522835617
2,3,0.2786140635126377,0.01365187438053744
3,4,0.2395372835004558,0.013325560470692062
4,5,0.23780316344463973,0.01463753569832149
5,6,0.20574560774471137,0.011862977817187629
6,7,0.17995550806294933,0.011875701022055964
