,bin,freq_mean,margin_of_error
0,1,0.28484527972027973,0.014341081904556702
1,2,0.29744357638888885,0.014069269789325451
2,3,0.2910168493374775,0.01307709136103918
3,4,0.24971721385815346,0.013041150601211858
4,5,0.2413973962930274,0.014565267718567705
5,6,0.2200733255386671,0.012297737689199416
6,7,0.18571371984155566,0.012016488725454487
