,bin,freq_mean,margin_of_error
0,1,0.2927591747306921,0.013149511494761349
1,2,0.2983498524157216,0.012894592437973402
2,3,0.2783119124672523,0.012347543080830135
3,4,0.26276672597864775,0.013709826766430538
4,5,0.2620865960386919,0.015450733659628926
5,6,0.23540630902908954,0.013212115550474194
6,7,0.2312511425959781,0.014467914011868787
