,bin,freq_mean,margin_of_error
0,1,0.2897332526230831,0.014990359632721901
1,2,0.2826137770897833,0.012752069006008657
2,3,0.24453328530259366,0.010932418263668848
3,4,0.25081491321289406,0.01242199326773496
4,5,0.2268034993270525,0.013507093697871154
5,6,0.20219723053892216,0.011974991258866408
6,7,0.20030347435594426,0.013624585449197904
