,bin,freq_mean,margin_of_error
0,1,0.2724430139299282,0.014076473036967024
1,2,0.29923094017094015,0.014086256606586883
2,3,0.28173636218205084,0.012664756762826175
3,4,0.25654594393911273,0.01410770057458829
4,5,0.2396729868391702,0.014400830984614326
5,6,0.23240667574931875,0.012263694180372235
6,7,0.22336321965529884,0.012181962884813465
