,bin,freq_mean,margin_of_error
0,1,0.2806344712739384,0.014439935106946529
1,2,0.2598558513309895,0.01264072939821563
2,3,0.24403619197482299,0.012010470027976457
3,4,0.2204959897921983,0.01238675611512104
4,5,0.2156093085701499,0.013424834243839804
5,6,0.19697962409977163,0.011325611433253112
6,7,0.1846626070409134,0.01177964958473402
