,bin,freq_mean,margin_of_error
0,1,0.2936583802680132,0.013917976129036287
1,2,0.310621321674794,0.013579140408039429
2,3,0.2709385654551303,0.012836111496480774
3,4,0.24323114934114204,0.012944841605673314
4,5,0.2127515709156194,0.013249828800313994
5,6,0.1863817309401102,0.011117877797758963
6,7,0.16515268650947043,0.01138483428160152
