,bin,freq_mean,margin_of_error
0,1,0.29230626057529613,0.01347540716561156
1,2,0.3082321576419937,0.014339658555015096
2,3,0.28348766120044583,0.013016822287039691
3,4,0.24932231555880205,0.013428136564313096
4,5,0.21860164957646008,0.013629849495718882
5,6,0.19539590382902938,0.011854339007707009
6,7,0.21765449263332645,0.013675213494888785
