,bin,freq_mean,margin_of_error
0,1,0.2726965595036661,0.012396767118742621
1,2,0.47779963570127504,0.014940240358380373
2,3,0.5161004617099189,0.016365567782368567
3,4,0.5373867786705625,0.01783592065865118
4,5,0.5577808738296924,0.019338919851328303
5,6,0.5593088156723063,0.017953057861470532
6,7,0.6153859721934011,0.02002357397311534
