,bin,freq_mean,margin_of_error
0,1,0.3605560112791592,0.016606101777065493
1,2,0.5767749103942652,0.017429865652811127
2,3,0.6355937237791577,0.017314281655433778
3,4,0.6810591222343126,0.0188016560761439
4,5,0.6906663759267335,0.021631581219481544
5,6,0.6763664971392244,0.01805152798004
6,7,0.6587283572464935,0.0186944578728025
