,bin,freq_mean,margin_of_error
0,1,0.2756426876027023,0.01257815722274566
1,2,0.42914478794469474,0.013812628715956649
2,3,0.45367113576822315,0.014395677048827413
3,4,0.4476983985765125,0.015592201007316854
4,5,0.4605301704283741,0.018350736907013564
5,6,0.4311244805440121,0.01646740855814262
6,7,0.4203532906764168,0.01751566151917387
