,bin,freq_mean,margin_of_error
0,1,0.35314134054954205,0.014893145197047389
1,2,0.6559886154361292,0.017094589447554754
2,3,0.738054602675059,0.01895192167579838
3,4,0.7605380969741159,0.020163948166406855
4,5,0.8041906466771088,0.023297021753139316
5,6,0.75533181099596,0.020483414123133814
6,7,0.672740057088487,0.020909413328413756
