,bin,freq_mean,margin_of_error
0,1,0.3230358801181933,0.013815186182143118
1,2,0.5282894017094016,0.01630486851232463
2,3,0.5926282194848823,0.016832462302683978
3,4,0.6101266010766662,0.019092078647520702
4,5,0.6200916796787864,0.020623419644733375
5,6,0.6072854223433242,0.01745779003870322
6,7,0.6414136413641365,0.019803117522275905
