,bin,freq_mean,margin_of_error
0,1,0.29775060532687647,0.013155704646324306
1,2,0.39386284829721363,0.013152888718710723
2,3,0.3905132564841499,0.013581350185662887
3,4,0.37275788168614943,0.015025533086840863
4,5,0.38128712427097355,0.017211060341921044
5,6,0.3650306886227545,0.015141398014488232
6,7,0.34827156700543604,0.01644357930861813
