,bin,freq_mean,margin_of_error
0,1,0.30980932125023114,0.013116635091379003
1,2,0.4163038285914998,0.015411992430170917
2,3,0.42733570965651324,0.014058740202822606
3,4,0.38782333637192345,0.015069655220150744
4,5,0.3780902899824252,0.016742133858152396
5,6,0.3657110075295805,0.01503349174945631
6,7,0.34646648533126095,0.014592591146746745
