,bin,freq_mean,margin_of_error
0,1,0.2855836084676636,0.014157914570549702
1,2,0.4807312930889524,0.015419766886067884
2,3,0.5273004181408812,0.015465849614756442
3,4,0.5298735358711567,0.017258983090246552
4,5,0.5328321364452423,0.020014124215565136
5,6,0.5315031100053315,0.01688392879418055
6,7,0.5270282180131426,0.017067281519658327
