,bin,freq_mean,margin_of_error
0,1,0.2852659527972028,0.014074670251432657
1,2,0.43683923611111114,0.015120509845617296
2,3,0.4769597578930149,0.014930778021948485
3,4,0.5021659713404679,0.016325517044105408
4,5,0.48897616946160644,0.019011646207781136
5,6,0.48566143310506094,0.015820816092458282
6,7,0.4550331292761973,0.01625792951414759
