,bin,freq_mean,margin_of_error
0,1,0.39969400499583685,0.017647341484282614
1,2,0.3998938556839109,0.015593914133733166
2,3,0.3867177025963808,0.014829570597761845
3,4,0.40028053226394456,0.015482068903888778
4,5,0.40367129111658084,0.01770534679928898
5,6,0.4487625153697524,0.016451061537421208
6,7,0.5138180780209324,0.017848969479283914
