,bin,freq_mean,margin_of_error
0,1,0.30541142050040354,0.015039973608987048
1,2,0.2803092879256966,0.01203391696260617
2,3,0.2556628242074928,0.011428914283518693
3,4,0.27332252922422956,0.013195521235989056
4,5,0.2821783310901749,0.015569248579282855
5,6,0.2864477919161677,0.013889380707534689
6,7,0.3314377215788229,0.015967294481304475
