,bin,freq_mean,margin_of_error
0,1,0.39598590105101256,0.019942119225132057
1,2,0.4001589605734766,0.015917664948412204
2,3,0.3856237623762377,0.014685292950808957
3,4,0.39017174464998183,0.0165974824459274
4,5,0.3799441779328391,0.01697539522385211
5,6,0.38902050222504775,0.015341868280861445
6,7,0.41234048041270355,0.015541477577228
