,bin,freq_mean,margin_of_error
0,1,0.388443969702855,0.01615837164795808
1,2,0.3889996636959811,0.01592950766231306
2,3,0.356763107108395,0.014650552529571172
3,4,0.3569582723279649,0.015968158155155305
4,5,0.3532282315978456,0.016910133789525304
5,6,0.34931526568331267,0.0147035630368973
6,7,0.3505583687669115,0.015043122034399817
