,bin,freq_mean,margin_of_error
0,1,0.3274573700758276,0.014898594582773267
1,2,0.29570319634703196,0.013728070795843025
2,3,0.3138334413480233,0.013417609603422467
3,4,0.32148277119416596,0.014289253194325127
4,5,0.29027746045694197,0.01533191960680837
5,6,0.3150901756902115,0.01425199076097544
6,7,0.30829415193316495,0.015062101653732037
