,bin,freq_mean,margin_of_error
0,1,0.4387484702797203,0.018187981789655482
1,2,0.47295763888888886,0.01662019898452237
2,3,0.4507187960085065,0.015490125575084099
3,4,0.44743079992744417,0.016702417330316636
4,5,0.4348139894086497,0.01861633355259855
5,6,0.46520193753131783,0.016267101800353553
6,7,0.4398341735685992,0.017413258460564355
