,bin,freq_mean,margin_of_error
0,1,0.36020323369054336,0.015768052582399505
1,2,0.326277694982613,0.014265927627547696
2,3,0.2806761662155708,0.01281386832575624
3,4,0.25635792549306063,0.013257195133494281
4,5,0.2201776638430673,0.013613706968773653
5,6,0.2126858414959929,0.012469634691188402
6,7,0.19303589956422496,0.012977845014790228
