,bin,freq_mean,margin_of_error
0,1,0.40937589700295485,0.01572335692213015
1,2,0.31956170940170936,0.013274999438024411
2,3,0.2741918093105103,0.01225553155564621
3,4,0.24434323371078526,0.013076472169272152
4,5,0.22028730760651347,0.013194044953028118
5,6,0.212529461852861,0.010924836319440061
6,7,0.16748606527319398,0.010434775176855175
