,bin,freq_mean,margin_of_error
0,1,0.49135845129059114,0.016860097103181298
1,2,0.3831178637200736,0.014225035111927698
2,3,0.30525916601101494,0.012230258166139847
3,4,0.2617869121399926,0.013180603892962769
4,5,0.21216312374132915,0.012936518767463899
5,6,0.20223256630950293,0.011288059804291138
6,7,0.16206013320647003,0.010583100357536734
