,bin,freq_mean,margin_of_error
0,1,0.5163757062146892,0.01692530900318829
1,2,0.4365851393188855,0.014486312038341493
2,3,0.4079808357348703,0.013112862596858153
3,4,0.3915148777895855,0.015057846144470536
4,5,0.39027388963660836,0.016176103497146627
5,6,0.38999625748503,0.01524706299545684
6,7,0.42583833609075866,0.017490596412605672
