,bin,freq_mean,margin_of_error
0,1,0.4401225961538462,0.015852606060861543
1,2,0.3279388888888889,0.013434870171904109
2,3,0.2891693113037788,0.012561055818462048
3,4,0.26650734627244693,0.01268934306283562
4,5,0.25105626654898505,0.013827492407317206
5,6,0.24538884249206613,0.011888532899861248
6,7,0.25055005401512426,0.01259183372188629
