,bin,freq_mean,margin_of_error
0,1,0.3662884000752021,0.014933496579449448
1,2,0.292692664348402,0.012647532550566512
2,3,0.22994491323037733,0.010437940164662384
3,4,0.19933966398831265,0.011373307881518952
4,5,0.1779275523851984,0.011722640980868284
5,6,0.16550543187889583,0.010292816657399444
6,7,0.14837123884623366,0.010515175361668766
