,bin,freq_mean,margin_of_error
0,1,0.43012643231695474,0.014647597699236797
1,2,0.3175505296788297,0.012702682749518208
2,3,0.2764852042457382,0.012129303937226853
3,4,0.2518120424597365,0.012867569265007808
4,5,0.24242033213644526,0.013447590320990428
5,6,0.23083472543095793,0.012017407248724011
6,7,0.2043218013142636,0.01140430557886355
