,bin,freq_mean,margin_of_error
0,1,0.44019371918933725,0.015778392260799492
1,2,0.2957739630262544,0.01242939621087111
2,3,0.24104546155031595,0.011452225733845987
3,4,0.21263007117437724,0.012115337149272062
4,5,0.20445555043758637,0.012733900985567308
5,6,0.18509520211560257,0.01143158773228241
6,7,0.18266270566727605,0.011971845297244524
