,bin,freq_mean,margin_of_error
0,1,0.4547159702640348,0.01848126459047691
1,2,0.35160107526881723,0.014280706874110009
2,3,0.27777479442859543,0.012827560250374962
3,4,0.2432016684802321,0.012322007312419595
4,5,0.21362996075010904,0.012828625003867123
5,6,0.18913270820089,0.010437003375122525
6,7,0.16453361276801548,0.009798017815316562
