,bin,freq_mean,margin_of_error
0,1,0.23501936454220718,0.011840987598254058
1,2,0.2942084782248717,0.012761992185789122
2,3,0.2697895239611527,0.011284238674627507
3,4,0.2404678597516435,0.011989974847453472
4,5,0.2175976370931788,0.013079633452722322
5,6,0.19780160284951023,0.010930530243104343
6,7,0.1602649927370824,0.011138894661395435
