,bin,freq_mean,margin_of_error
0,1,0.3287353430737932,0.013343626453356534
1,2,0.45313821566561285,0.014896451528249872
2,3,0.48500097213221,0.013560468567129513
3,4,0.5120315405651779,0.01569006819509286
4,5,0.5302339630931459,0.016538473230821193
5,6,0.5406394765148799,0.015251071645917555
6,7,0.5509504565766467,0.015890435472493903
