,bin,freq_mean,margin_of_error
0,1,0.29878811419693146,0.013076789999746659
1,2,0.5055002522280141,0.015321003655029716
2,3,0.5666849469282726,0.014406368897356856
3,4,0.6073158857979503,0.015492317747687239
4,5,0.6241559694793536,0.017711215583833845
5,6,0.6341389728096677,0.015823947559085463
6,7,0.6417363741785853,0.01611323168337177
