,bin,freq_mean,margin_of_error
0,1,0.29158091202582725,0.013395894984877603
1,2,0.35292972136222917,0.012799242824165407
2,3,0.3722201729106629,0.012585362415416428
3,4,0.3768044633368756,0.01445170671029795
4,5,0.35166801256168684,0.015181004291058658
5,6,0.3681641092814371,0.01343823281507697
6,7,0.3087797211061215,0.015132787178530555
