,bin,freq_mean,margin_of_error
0,1,0.2907945955815228,0.013034077282476544
1,2,0.3824805033400652,0.012635111289559707
2,3,0.38754831252889504,0.012887016151738146
3,4,0.3644131672597865,0.014314535594632024
4,5,0.3541107784431138,0.015225474156661251
5,6,0.33744824329429546,0.013997595301001121
6,7,0.2932531992687385,0.014155908476543709
