,bin,freq_mean,margin_of_error
0,1,0.258326486013986,0.013313611419878926
1,2,0.32692343749999997,0.012969411745967345
2,3,0.3126159005398332,0.012720740770156048
3,4,0.27788409214583715,0.012369681963454449
4,5,0.25773389232127103,0.014248845660849278
5,6,0.23063971939201602,0.010871195210218672
6,7,0.19018005041411595,0.01114110592242729
