,bin,freq_mean,margin_of_error
0,1,0.20407972522897586,0.011659465128354852
1,2,0.19501205424409843,0.010666092703504864
2,3,0.17382706530291112,0.009637037050239243
3,4,0.14629402114473203,0.009987611187131248
4,5,0.12769747147012753,0.010279618273319994
5,6,0.12742912348498156,0.008733675703614925
6,7,0.1039488106565176,0.00813817469496693
