,bin,freq_mean,margin_of_error
0,1,0.7570195525474713,0.019757243977427227
1,2,0.9712305017386984,0.02185156532281196
2,3,0.9616854004139469,0.021007434086484606
3,4,0.9353692476260044,0.021901224928727182
4,5,0.8919199732501114,0.023766257962862018
5,6,0.8617937666963492,0.021343039388176038
6,7,0.988321435982569,0.02493568614254428
