,bin,freq_mean,margin_of_error
0,1,0.7965809741881764,0.021114799323702443
1,2,0.8875554997488698,0.02040924567734365
2,3,0.8693625491738788,0.019206511384508688
3,4,0.8111800947867298,0.021667885613280643
4,5,0.7683676437681807,0.02352929517416578
5,6,0.6986260319690849,0.021524883604511297
6,7,0.6446277830637489,0.020403157866752203
