,bin,freq_mean,margin_of_error
0,1,0.7442299475626336,0.02046587947226009
1,2,0.9393398352110306,0.021246766340698248
2,3,0.8852809585075586,0.020666768553221145
3,4,0.8563900073206443,0.021480347158609883
4,5,0.7966954667863555,0.023333829413474325
5,6,0.7434599253598722,0.0203517834011589
6,7,0.6561426362582142,0.021056529966913796
