,bin,freq_mean,margin_of_error
0,1,0.7427054075867634,0.02058787754142025
1,2,0.8980569659442726,0.01903681286893639
2,3,0.8972488472622477,0.01872034216426151
3,4,0.8947026213248316,0.02255074052615949
4,5,0.8622388963660835,0.02362006929429985
5,6,0.7972159431137724,0.023029473450493405
6,7,0.7951585913495627,0.024181912606814
