,bin,freq_mean,margin_of_error
0,1,0.7325243203255041,0.019212919456422492
1,2,0.630172813487882,0.018916200227097512
2,3,0.5885418016850292,0.017268719045614358
3,4,0.5897358249772106,0.01876609277853985
4,5,0.5967376977152898,0.019102585555118873
5,6,0.5920715310147007,0.018124797087254018
6,7,0.5545210802409171,0.01861433456292157
