,bin,freq_mean,margin_of_error
0,1,0.6911111111111112,0.01964232794114587
1,2,0.5831960589501572,0.01748314575571065
2,3,0.5244817704187232,0.016663959046783267
3,4,0.47492713659605557,0.016380024940492198
4,5,0.4423423985733393,0.018176159372041995
5,6,0.41257951914514696,0.014978954272266238
6,7,0.40717451753475825,0.016726951514731577
