,bin,freq_mean,margin_of_error
0,1,0.785549815498155,0.02069589660863826
1,2,0.6554652766100554,0.01915394251860553
2,3,0.6876137021550337,0.01917087317834106
3,4,0.6980186676427524,0.01906733613244783
4,5,0.7182899461400359,0.022426902962599457
5,6,0.7634569042118358,0.020094208046252327
6,7,0.7641084267491304,0.02175004579151009
