,bin,freq_mean,margin_of_error
0,1,0.7480747377622378,0.020707531309693383
1,2,0.6203677083333334,0.01787120348827054
2,3,0.5649517421887781,0.016078952380406023
3,4,0.5385512425176854,0.016939520260776636
4,5,0.519445278022948,0.01875131359013371
5,6,0.494178720561216,0.015579626023630135
6,7,0.4620234065538351,0.01677339243545646
