,bin,freq_mean,margin_of_error
0,1,0.7380643424762882,0.023351077437682104
1,2,0.5797973118279569,0.01837905106510845
2,3,0.5421471723443531,0.017216547515539686
3,4,0.5090995647442873,0.017763525587665887
4,5,0.5129882250327082,0.01877439598431374
5,6,0.49113143674507315,0.01667144511456573
6,7,0.5047643075931001,0.016297375669965957
