,bin,freq_mean,margin_of_error
0,1,0.7332517940059097,0.020269076100963068
1,2,0.7229305982905982,0.018839811379489684
2,3,0.6915303151495761,0.01764542871838715
3,4,0.6718919621310563,0.019168118716022912
4,5,0.6546683024760205,0.021552530170470555
5,6,0.6664724114441416,0.01872637773682016
6,7,0.6126173450678402,0.0194780680321755
