,bin,freq_mean,margin_of_error
0,1,0.7407794412999817,0.01862765856830299
1,2,0.6463500077675935,0.017980288848528064
2,3,0.6077216828478963,0.017529405034254063
3,4,0.609120462633452,0.01725553338587291
4,5,0.5684060340856749,0.019490295863390752
5,6,0.5761150358896864,0.018393871130339214
6,7,0.538633226691042,0.019324012904474188
