,bin,freq_mean,margin_of_error
0,1,0.7027939217318901,0.01991525525815311
1,2,0.6308193537585802,0.0178550348810006
2,3,0.5852555468135326,0.017827619906642077
3,4,0.5602371491068172,0.017670006630017412
4,5,0.5447968225553816,0.019578741473653717
5,6,0.5691853152994907,0.017165397874397293
6,7,0.5575115128449096,0.018460095489043014
