,bin,freq_mean,margin_of_error
0,1,0.8310764729620661,0.019717140199727326
1,2,0.7420221362229104,0.018254288342463457
2,3,0.7407755043227666,0.018251159729335577
3,4,0.7362217499114416,0.0196065871215472
4,5,0.7499652310453119,0.022390603231101307
5,6,0.7815823353293414,0.021523241335075348
6,7,0.8244296856535097,0.023257968015076336
