,bin,freq_mean,margin_of_error
0,1,0.6967982703515699,0.016446830482090342
1,2,0.5782440801457195,0.016108800371308237
2,3,0.8082367457411241,0.017782125446835797
3,4,0.9923993791088385,0.019533032619524802
4,5,1.171985287561302,0.021350814530441693
5,6,1.284969723953696,0.020458690989585783
6,7,1.1198427059555924,0.020093370975075218
