,bin,freq_mean,margin_of_error
0,1,0.5176702747710242,0.01733597700956648
1,2,0.3314470115519839,0.01412966133636723
2,3,0.40085491738788354,0.013901130101344163
3,4,0.5004300036456434,0.014575236384820804
4,5,0.5856956813604833,0.016939761889080987
5,6,0.6708382223783594,0.015237624512632345
6,7,0.7939807802093244,0.014890418214686316
