,bin,freq_mean,margin_of_error
0,1,0.4900501202145367,0.015223177723225654
1,2,0.39372848612574635,0.014501728591426021
2,3,0.5056317239144523,0.014525157698412531
3,4,0.6320353691886964,0.016029039298032982
4,5,0.7074538664323372,0.01741873256003366
5,6,0.781190928648261,0.015628269520222223
6,7,0.8975028171750534,0.01648942741796845
