,bin,freq_mean,margin_of_error
0,1,0.628064086178565,0.015973374001568875
1,2,0.4137433587074725,0.01419908108767415
2,3,0.4666201263676992,0.01327843317931156
3,4,0.5512661921708185,0.014749506181930933
4,5,0.6325128972823584,0.017211442196177745
5,6,0.7428082735171893,0.01572322239425779
6,7,0.89827239488117,0.017229266346897597
