,bin,freq_mean,margin_of_error
0,1,0.617314903846154,0.017971233941222714
1,2,0.4563305555555556,0.015263120424524936
2,3,0.5250832651725831,0.01530548435850019
3,4,0.627171594413205,0.01525319837016711
4,5,0.7188433362753752,0.017510514337844618
5,6,0.8055045932854519,0.01508745440653707
6,7,0.9803312927619735,0.016667149740592236
