,bin,freq_mean,margin_of_error
0,1,0.5268415790822866,0.017626357848536927
1,2,0.3241121863799283,0.013808408681543545
2,3,0.3665715724114784,0.013443842821669732
3,4,0.42432444686253173,0.014927268825558029
4,5,0.46207959005669424,0.016210687935489576
5,6,0.539202479338843,0.014498351866104663
6,7,0.6060372400451395,0.014974879193270181
