,bin,freq_mean,margin_of_error
0,1,0.5358055933190911,0.015574106685511563
1,2,0.29273465612914074,0.01340225834353347
2,3,0.341661305886137,0.013283786212965483
3,4,0.4118660322108345,0.01521758983724573
4,5,0.48176122082585277,0.016363224354277478
5,6,0.5432930513595168,0.015229967843486625
6,7,0.6878989176652492,0.01675759777160032
