,bin,freq_mean,margin_of_error
0,1,0.6697363866610383,0.01669298245711632
1,2,0.4418418803418804,0.014757575209797362
2,3,0.4719227323628219,0.014519528241435872
3,4,0.5696135140152219,0.015779095581445912
4,5,0.6614242694624136,0.01772214440965248
5,6,0.733192779291553,0.014972156272583637
6,7,0.8960759075907591,0.015340973316673487
