,bin,freq_mean,margin_of_error
0,1,0.5299426957223565,0.016391188251122322
1,2,0.29564582043343657,0.012830281803840092
2,3,0.28950244956772336,0.011130138743302135
3,4,0.33457633722989727,0.012947820847181218
4,5,0.37299798115746974,0.014888786896568262
5,6,0.3884056886227545,0.014548400416971833
6,7,0.41681139210588514,0.015872572120700718
