,bin,freq_mean,margin_of_error
0,1,0.6878732306411324,0.0194141238254049
1,2,0.7400699815837936,0.01718443204538856
2,3,0.7158412273800158,0.016435757240830243
3,4,0.6961341596791834,0.017414611204775356
4,5,0.6797596777802639,0.019731047501834107
5,6,0.6466971719655717,0.01653376350109994
6,7,0.6614197906755471,0.018687313535687818
