,bin,freq_mean,margin_of_error
0,1,0.6608353113018077,0.01697304100389254
1,2,0.6768002174926208,0.016045522032749202
2,3,0.6522379411311449,0.016668353028620957
3,4,0.6547177935943062,0.017923879026831017
4,5,0.6242461999078767,0.01965656368854107
5,6,0.5995595013222516,0.018068380549929815
6,7,0.5852957038391225,0.01943627242625735
