,bin,freq_mean,margin_of_error
0,1,0.6634886258553727,0.017638837602756256
1,2,0.6503500175623462,0.018032747355843932
2,3,0.5809361633182113,0.01641168089745609
3,4,0.5270038286235188,0.016143317900935896
4,5,0.5084494727592267,0.017319918261887647
5,6,0.49292165650770886,0.015772788328997363
6,7,0.4614050903438897,0.016084267572639605
