,bin,freq_mean,margin_of_error
0,1,0.6437712114816377,0.01874886840443392
1,2,0.6287343589743589,0.01682682926115457
2,3,0.5857274036154215,0.0158994171468891
3,4,0.564969185075181,0.01692232193516445
4,5,0.5477463751951819,0.01887470506810951
5,6,0.5160647138964577,0.01585206971225895
6,7,0.4779217088375505,0.016586926514726676
