,bin,freq_mean,margin_of_error
0,1,0.6262797518330514,0.01742155078260087
1,2,0.6222543467461501,0.016198207563189806
2,3,0.5628522528259832,0.015336377096243489
3,4,0.5545264791818845,0.016361995962042963
4,5,0.5189353544360232,0.018068079787269105
5,6,0.49807373107747105,0.015673011517069468
6,7,0.49893027599086953,0.0175040919024049
