,bin,freq_mean,margin_of_error
0,1,0.6238369755244755,0.018703131125922513
1,2,0.6356192708333335,0.01683407008130416
2,3,0.5919245869458533,0.016532075837162926
3,4,0.5848888082713585,0.016700487570124628
4,5,0.5771240070609004,0.018847515052871397
5,6,0.5712644062134625,0.01614938723483476
6,7,0.5817007562117394,0.01747823498418223
