,bin,freq_mean,margin_of_error
0,1,0.741731234866828,0.019891300409548323
1,2,0.7777764705882354,0.01731759097637354
2,3,0.7532387608069164,0.016643537631968457
3,4,0.7260008855827134,0.01789235934979363
4,5,0.7038582323912068,0.02003172610889728
5,6,0.7296680389221557,0.01904073851211956
6,7,0.6813429449302764,0.020760515155025524
