,bin,freq_mean,margin_of_error
0,1,0.24284908409658615,0.013390472932439694
1,2,0.29212372342206594,0.013716175166780207
2,3,0.2876997639653816,0.013579050809864426
3,4,0.2964323733138899,0.014576436875619676
4,5,0.33289953009621837,0.016959940330572784
5,6,0.3062081503600914,0.014662899652362622
6,7,0.36857050428163657,0.015581519541518422
