,bin,freq_mean,margin_of_error
0,1,0.26997669687442205,0.01311622707345712
1,2,0.28806094134176324,0.013310046257158292
2,3,0.2882576150356448,0.013021327789163524
3,4,0.2839072014585233,0.013104408172066932
4,5,0.2991966168717047,0.01570691993047838
5,6,0.2673727142344927,0.013331525377668543
6,7,0.2890279774625996,0.01466029487472102
