,bin,freq_mean,margin_of_error
0,1,0.21784226358338035,0.011975600743542883
1,2,0.2185043881437324,0.011587324389668096
2,3,0.24816987740805604,0.011274608639571516
3,4,0.2897352081811541,0.014094561313045983
4,5,0.3384719126170308,0.01651807458723625
5,6,0.33375850400712376,0.015432256744875208
6,7,0.3765870512554472,0.01622905635210854
