,bin,freq_mean,margin_of_error
0,1,0.2635756457564576,0.013376253240758192
1,2,0.308690768454683,0.014055655392714665
2,3,0.31887568349951756,0.014627891897712514
3,4,0.3463989751098096,0.015918223632673572
4,5,0.3411748204667864,0.01633335595089123
5,6,0.3465805935667319,0.015777427506976104
6,7,0.3323548511789718,0.016120288512823447
