,bin,freq_mean,margin_of_error
0,1,0.29716389860139863,0.014723054605889229
1,2,0.3183100694444444,0.013556796918378843
2,3,0.3231161459185343,0.013561799937355129
3,4,0.31807092327226555,0.014337835807833868
4,5,0.3261098852603707,0.016815531328378437
5,6,0.3172667446133289,0.014087864653029327
6,7,0.3505534749729925,0.01507758984161969
