,bin,freq_mean,margin_of_error
0,1,0.2505661824051654,0.012851844218546425
1,2,0.2598058823529412,0.011931868658827694
2,3,0.27183890489913554,0.011909172031342188
3,4,0.29328374070138147,0.013933218406449238
4,5,0.298014131897712,0.015664325207797446
5,6,0.2988615269461078,0.014708738582520298
6,7,0.3678830063814701,0.01821123083003109
