,bin,freq_mean,margin_of_error
0,1,0.30776846770789357,0.015728766685374488
1,2,0.3719153846153846,0.014660363788755643
2,3,0.39845896656534957,0.015097758914407252
3,4,0.40600594022647113,0.016233677567635812
4,5,0.4239745706000446,0.018540631514624224
5,6,0.42934332425068117,0.016606200933478577
6,7,0.41513127979464615,0.01600107420060944
