,bin,freq_mean,margin_of_error
0,1,0.24748639766295422,0.012537660442261279
1,2,0.252046760913469,0.012309507304304117
2,3,0.22504823547541994,0.011453248380600967
3,4,0.22246672597864772,0.012125870291967171
4,5,0.23601612160294796,0.015316452791875901
5,6,0.24167623724971668,0.01287725910906373
6,7,0.2412237202925046,0.014471369692455233
