,bin,freq_mean,margin_of_error
0,1,0.2899824455205811,0.014104365797233976
1,2,0.4587808049535604,0.015174820914078934
2,3,0.4954514409221902,0.015418041280260197
3,4,0.41577506199078995,0.016012675829453257
4,5,0.417366980708838,0.018377728685720844
5,6,0.3901437125748503,0.015313895389252942
6,7,0.36402599858189555,0.01662040986086192
