,bin,freq_mean,margin_of_error
0,1,0.28354100749375516,0.01366519263831557
1,2,0.39574568893353423,0.014010541506199466
2,3,0.33259795436664047,0.012975820004196833
3,4,0.28050328107911043,0.012683999330239015
4,5,0.2382018348623853,0.012976902510637458
5,6,0.24076128578956613,0.011836670619727086
6,7,0.25964719314938156,0.013518709034568121
