,bin,freq_mean,margin_of_error
0,1,0.27220916682851043,0.012651577118169343
1,2,0.4056144274424079,0.0137411853151399
2,3,0.41935075587005466,0.014435112250579214
3,4,0.4143193631039532,0.016334928408353298
4,5,0.4164948384201077,0.017148381243870414
5,6,0.4205002665718856,0.015338071161285622
6,7,0.44566003092385,0.01695889235219668
