,bin,freq_mean,margin_of_error
0,1,0.3358306381118881,0.01600721574295343
1,2,0.5664918402777778,0.016401347163082277
2,3,0.6265913626697203,0.017534471735643
3,4,0.6033783783783784,0.018507733429386598
4,5,0.6285081641659312,0.021056641914064356
5,6,0.597719057958911,0.01751731088646906
6,7,0.5478613611811306,0.01846438588215375
