,bin,freq_mean,margin_of_error
0,1,0.27445704079714234,0.012998125428857052
1,2,0.43767544295413147,0.014348158245113565
2,3,0.4105897150135329,0.014601997557008216
3,4,0.40324470416362307,0.015478653153187973
4,5,0.3807271511368702,0.016043874001647578
5,6,0.3589485307212823,0.014585195130252986
6,7,0.3575885038389708,0.016295484355383687
