,bin,freq_mean,margin_of_error
0,1,0.3718801181933305,0.015769580702555793
1,2,0.5305757264957265,0.016003845807884033
2,3,0.5145055191169413,0.016206636288643717
3,4,0.46635362910710976,0.01710165509155622
4,5,0.4524684363149677,0.018117786273047883
5,6,0.45005364441416884,0.016450293444773126
6,7,0.49033131646497985,0.016759183254371646
