,bin,freq_mean,margin_of_error
0,1,0.2526375753149535,0.01171247755155933
1,2,0.45037237843716016,0.014238294412793203
2,3,0.49092310063183847,0.015058248771323711
3,4,0.47802135231316734,0.01627326097385783
4,5,0.45386964532473517,0.018717428901796583
5,6,0.40784982999622216,0.0159104749588814
6,7,0.29792778793418645,0.015188049511611141
