,bin,freq_mean,margin_of_error
0,1,0.3532019994873109,0.016732005360255965
1,2,0.45272455197132616,0.015172256461814113
2,3,0.3999746601778822,0.01492960465335922
3,4,0.42127058396808126,0.015827539103484854
4,5,0.4036990841692107,0.01690576439571175
5,6,0.3697279084551813,0.013614875528868666
6,7,0.3353994841205868,0.012843813984977371
