,bin,freq_mean,margin_of_error
0,1,0.3582994756263352,0.016105018137757394
1,2,0.3478947368421052,0.014569638902191295
2,3,0.3029681569636539,0.013420354868131274
3,4,0.31743777452415817,0.015054740226350456
4,5,0.3114019299820467,0.015953767679668798
5,6,0.3418301048516083,0.015447861004470589
6,7,0.333516814843448,0.01564626999929984
