,bin,freq_mean,margin_of_error
0,1,0.4033968531468532,0.018076727729095816
1,2,0.3781097222222222,0.016026565042604815
2,3,0.33830181580238833,0.015502161903775399
3,4,0.3435534191910031,0.01593056159412181
4,5,0.34255097087378644,0.017526904915258698
5,6,0.39917705027559713,0.0152243823993016
6,7,0.38540655383507383,0.016230832813578587
