,bin,freq_mean,margin_of_error
0,1,0.3747762769100886,0.0171772679991024
1,2,0.35463811965811964,0.015588869752035451
2,3,0.32996944488881774,0.013840563923424523
3,4,0.3222127343604975,0.015017477654206402
4,5,0.28904372072273027,0.015178315889179674
5,6,0.28269056539509535,0.013308558944638487
6,7,0.30809864319765307,0.014826459579476125
