,bin,freq_mean,margin_of_error
0,1,0.30118696366624065,0.013911100910529621
1,2,0.22209616280876185,0.011392863710457134
2,3,0.21859577746956388,0.010883276857297425
3,4,0.23104608540925267,0.012242223826299206
4,5,0.2567881160755412,0.014387522084238854
5,6,0.30037703060068005,0.014163776176425804
6,7,0.2537945612431444,0.013890595592545102
