,bin,freq_mean,margin_of_error
0,1,0.34443072006016173,0.014363200475167585
1,2,0.3317171717171717,0.013293025814191822
2,3,0.3158331475879637,0.01349405036915401
3,4,0.316668188458729,0.014952405658400551
4,5,0.3413557735176104,0.016094517686389698
5,6,0.34125182546749777,0.01483718890230964
6,7,0.3542089645154597,0.016341824177949407
