,bin,freq_mean,margin_of_error
0,1,0.30050952469021636,0.014973580051050754
1,2,0.25959641728134875,0.01262152850836489
2,3,0.2439651652624757,0.012129728894650046
3,4,0.2383460346399271,0.0125065885638598
4,5,0.2585373462214411,0.014142410263898892
5,6,0.3156780207959842,0.014083310255279181
6,7,0.28648766271614534,0.01380560281837482
