,bin,freq_mean,margin_of_error
0,1,0.30066343825665864,0.015131313927249652
1,2,0.2552713622291022,0.012414332636452346
2,3,0.2283242074927954,0.011029107605425078
3,4,0.2599089620970599,0.01273370783925794
4,5,0.2760695379093764,0.014865610775503683
5,6,0.27507840568862274,0.013943165908052335
6,7,0.32837248877333963,0.01733862001531538
