,bin,freq_mean,margin_of_error
0,1,0.35755079100749376,0.015535096149184956
1,2,0.3227676209609911,0.013484525410591261
2,3,0.3235261998426436,0.013897346577803518
3,4,0.31005650747356905,0.01434529990553511
4,5,0.2901098679794137,0.015115459928631354
5,6,0.3008758124011945,0.013661705713530757
6,7,0.35296479543292103,0.015683493615712137
