,bin,freq_mean,margin_of_error
0,1,0.4283630308076603,0.01539920502589259
1,2,0.30009626653273064,0.012058343536206715
2,3,0.25103461841070024,0.011420404813715153
3,4,0.20498104265402844,0.011137119045315272
4,5,0.18892280152159316,0.01182420829599249
5,6,0.18040822062181627,0.010237504405810475
6,7,0.20595566127497622,0.011708235162951549
