,bin,freq_mean,margin_of_error
0,1,0.49816182405165454,0.01570283830268403
1,2,0.4507517027863778,0.014595262984408088
2,3,0.379513688760807,0.013003628983578453
3,4,0.3433211122918881,0.015122949962044925
4,5,0.31476491700314047,0.015416042061425122
5,6,0.2962430763473054,0.01406368500158905
6,7,0.25307043252186245,0.014492277624067112
