,bin,freq_mean,margin_of_error
0,1,0.38245403271291595,0.014269789800187031
1,2,0.30751051498592485,0.013162337082549326
2,3,0.27132781404234996,0.01185355251313886
3,4,0.2637766617969321,0.012724613192684097
4,5,0.22530093624609898,0.01284189211762147
5,6,0.21296616206589494,0.011876557064648175
6,7,0.19630047727744346,0.012283486130017436
