,bin,freq_mean,margin_of_error
0,1,0.47697508741258743,0.018099064394084315
1,2,0.3691274305555555,0.014018176013443778
2,3,0.34299165712416163,0.013865783535876702
3,4,0.3365187738073644,0.014605231829660925
4,5,0.3250383936451898,0.015984975326015585
5,6,0.34290830131952565,0.014321011870724442
6,7,0.2932889809146561,0.013751285651776479
