,bin,freq_mean,margin_of_error
0,1,0.5029211497378132,0.015788758694856356
1,2,0.5171612577770304,0.015223819398086648
2,3,0.4744189449983917,0.015252060952581133
3,4,0.410180270863836,0.01575797565057379
4,5,0.37973137342908436,0.016194587423266654
5,6,0.3791867780344767,0.014339911020311742
6,7,0.387671240819482,0.015830359010578908
