,bin,freq_mean,margin_of_error
0,1,0.48943330519206407,0.01664673164120516
1,2,0.4923128205128205,0.015431475022091615
2,3,0.4330662294032954,0.015230994840344061
3,4,0.40318470391683686,0.015577033803438133
4,5,0.34928373856792333,0.015825387443714742
5,6,0.26234230245231605,0.012510245795694297
6,7,0.2826013934726806,0.013400443949775404
