,bin,freq_mean,margin_of_error
0,1,0.4238294686872376,0.014453734596992954
1,2,0.2821264564237999,0.012510953774558943
2,3,0.24933502850978578,0.011127903507281838
3,4,0.22608701067615658,0.011867843353495413
4,5,0.21688162137263936,0.012956372503085066
5,6,0.26353060068001516,0.013203238171874044
6,7,0.19270886654478978,0.012712776731974415
