,bin,freq_mean,margin_of_error
0,1,0.19528163188569284,0.011129218756798597
1,2,0.2008640503394602,0.010780331918201703
2,3,0.16995892373825824,0.009672383702229542
3,4,0.16662618699780865,0.010166229027260382
4,5,0.16819950958537674,0.010906914959902106
5,6,0.21479857524487977,0.011458814629001248
6,7,0.2639975098568168,0.013120577732377226
