,bin,freq_mean,margin_of_error
0,1,0.17194426102155758,0.010605398133581145
1,2,0.20038372288548845,0.010495258998991593
2,3,0.17211096815696367,0.009808703347369855
3,4,0.15404575402635434,0.009644248563645704
4,5,0.1658294434470377,0.011560599411125626
5,6,0.18327972276523904,0.010684297295438332
6,7,0.22844858909934285,0.012576885083953058
