,bin,freq_mean,margin_of_error
0,1,0.19973470878218005,0.011124124261711547
1,2,0.26294919993785926,0.011441436334278186
2,3,0.2206108799506858,0.010543368620240383
3,4,0.1502076512455516,0.009555807359080548
4,5,0.11581621372639338,0.009433442439427278
5,6,0.1256348696637703,0.009005876707649647
6,7,0.1297077239488117,0.010370933232419966
