,bin,freq_mean,margin_of_error
0,1,0.29716870629370634,0.014442652890654913
1,2,0.4542876736111111,0.014658592148085578
2,3,0.46122067724521515,0.013714568736358387
3,4,0.4170872483221476,0.015042083655330933
4,5,0.3642983230361872,0.0154029394834386
5,6,0.2654469684316018,0.011596155997425929
6,7,0.2093790061217141,0.011330404032456547
