,bin,freq_mean,margin_of_error
0,1,0.2524603208104685,0.013043918352381736
1,2,0.22550376068376068,0.011483987697317474
2,3,0.1877889937609982,0.01030013329565105
3,4,0.18515017635047337,0.010877727316843345
4,5,0.1777796118670533,0.011491787840899582
5,6,0.17876617847411444,0.010150468286226224
6,7,0.11579977997799779,0.00854610306589128
