,bin,freq_mean,margin_of_error
0,1,0.1749588377723971,0.010830836715173939
1,2,0.1632811145510836,0.009082173219760684
2,3,0.1279907780979827,0.00828866074180555
3,4,0.11033864682961388,0.008440693903662918
4,5,0.08584679228353521,0.008367465606767682
5,6,0.09442814371257487,0.008062289776223296
6,7,0.1292292602221697,0.010158188536364743
