,bin,freq_mean,margin_of_error
0,1,0.21153837617902718,0.010984121523529473
1,2,0.23809009483667018,0.01163603966572822
2,3,0.19284607906675308,0.010250698864083922
3,4,0.17207164995442117,0.010367487674077741
4,5,0.16393914762741651,0.011000375923046255
5,6,0.22369003226963072,0.011758907139357552
6,7,0.20669749368564214,0.011973534433881102
