,bin,freq_mean,margin_of_error
0,1,0.15605245628642797,0.010182240885450453
1,2,0.17256973045370833,0.009792917739602839
2,3,0.1499496459480724,0.009178718944286143
3,4,0.13761192125410132,0.009345251682425667
4,5,0.1222423360930857,0.009738297093774525
5,6,0.17257333567539088,0.010048945703236434
6,7,0.1760664129400571,0.010478865772170966
