,bin,freq_mean,margin_of_error
0,1,0.7789404812157028,0.02147286295696006
1,2,0.9585593162393162,0.022042877099836187
2,3,1.0763489041753318,0.02225498596701444
3,4,1.1036489697419716,0.024926428493197476
4,5,1.1812467097925496,0.02713239296042058
5,6,1.178215429155313,0.024549152145154032
6,7,1.2422942794279428,0.027606808646515487
