,bin,freq_mean,margin_of_error
0,1,0.7965965137144322,0.025294969281206215
1,2,1.0482387096774193,0.023639190653473183
2,3,1.1903836214129888,0.024121222149410405
3,4,1.1972266956837143,0.02479825866358171
4,5,1.2216995202791103,0.028847688895667564
5,6,1.1914349968213604,0.022617146963312042
6,7,1.2544846042237627,0.02391791859909661
