,bin,freq_mean,margin_of_error
0,1,0.7723686625874127,0.02261654561819577
1,2,0.9483553819444444,0.020568830851013537
2,3,0.9404853590708326,0.021479900552499303
3,4,0.9766096499183746,0.023216731183953725
4,5,1.0022539717563992,0.0252971613962017
5,6,1.0601077334224152,0.022679595933602244
6,7,1.0784495858840477,0.023688886509164276
