,bin,freq_mean,margin_of_error
0,1,0.5354403550952469,0.017139958011627248
1,2,0.6366640323147172,0.01840640003332523
2,3,0.6873797796500324,0.01811315194514705
3,4,0.7278453965360072,0.020860650191799755
4,5,0.7370399824253074,0.021420922350800262
5,6,0.6982138759411975,0.0199573846102644
6,7,0.730222265397319,0.02135078503522199
