,bin,freq_mean,margin_of_error
0,1,0.586041215653622,0.019151263008643164
1,2,0.681216641553658,0.01971181986526314
2,3,0.7185823760818254,0.019719791808099803
3,4,0.7532570178636528,0.021612646039087153
4,5,0.7787670619825464,0.022708622532881313
5,6,0.7550679782188654,0.020748088311673043
6,7,0.9072001902949571,0.02263617907098527
