,bin,freq_mean,margin_of_error
0,1,0.6269826547379953,0.01889883336153422
1,2,0.670576666148827,0.017423265671180754
2,3,0.6487597472646016,0.018118866898885297
3,4,0.7100459074733096,0.01979351978574975
4,5,0.725129894058038,0.022641082620590426
5,6,0.7142786173026067,0.020709816179740815
6,7,0.7324188756855576,0.022656641551425327
