,bin,freq_mean,margin_of_error
0,1,0.5282686595224667,0.018312750732345128
1,2,0.5743639675442954,0.01653870748698898
2,3,0.6349103645916256,0.01732097456543836
3,4,0.7396471877282689,0.021723762408578706
4,5,0.8099736959429337,0.022005744380065417
5,6,0.8137729296527159,0.020533227745322808
6,7,0.8742973645984645,0.024184600270462632
