,bin,freq_mean,margin_of_error
0,1,0.6954412507282969,0.020118131443466924
1,2,0.8508732133848999,0.021366666445603682
2,3,0.9607246703119975,0.022088062300286287
3,4,1.017926793557833,0.024597246539570503
4,5,1.0499407540394974,0.027409115169516034
5,6,1.0738979918251288,0.023773985706714535
6,7,1.093436799381523,0.025794665202852406
