,bin,freq_mean,margin_of_error
0,1,0.6132046004842614,0.020138913060258716
1,2,0.7404376160990713,0.019210380550484723
2,3,0.7839645533141211,0.018456153411685737
3,4,0.862133191640099,0.02177140543947818
4,5,0.9208102288021535,0.025806774428045284
5,6,0.9394807260479042,0.023269579568014773
6,7,1.0243864334672652,0.026925085201807402
