,bin,freq_mean,margin_of_error
0,1,0.7154614904246461,0.01970880059345822
1,2,0.5787435124727942,0.016535444018113715
2,3,0.52019307631786,0.015500354111702998
3,4,0.5092036091870215,0.016852850806455953
4,5,0.49586753188632804,0.019515798392390843
5,6,0.5743708062532936,0.017334998509232938
6,7,0.6454656517602284,0.020487437521511317
