,bin,freq_mean,margin_of_error
0,1,0.8697999611575064,0.020901737486983086
1,2,0.66181839582983,0.016962404447467126
2,3,0.5612962367320681,0.01697581425526102
3,4,0.43880106149341147,0.016352433446553138
4,5,0.44301077199281874,0.017304346483368184
5,6,0.4818444997334282,0.016719156500945433
6,7,0.4928448009277155,0.017763056721856598
