,bin,freq_mean,margin_of_error
0,1,0.8334326923076923,0.022294092938254222
1,2,0.7584286458333334,0.01962836244992976
2,3,0.766077376083756,0.019626574653076302
3,4,0.7248091783058225,0.01983811295736384
4,5,0.703827890556046,0.02160937179429348
5,6,0.5959906464005343,0.01830042403059272
6,7,0.5237146200936263,0.017896546703204567
