,bin,freq_mean,margin_of_error
0,1,0.7494134235758602,0.019248163668942688
1,2,0.7108706739526411,0.017439131233646574
2,3,0.5941186116860374,0.01695541717565781
3,4,0.5143959094229364,0.01697266833622325
4,5,0.4807119928666964,0.01839482004145259
5,6,0.5215348174532501,0.01700827759463271
6,7,0.5937103133430174,0.0194535740858825
