,bin,freq_mean,margin_of_error
0,1,0.7678815044732519,0.018726645188351102
1,2,0.6794494329656672,0.017633580979865074
2,3,0.6139622437971952,0.016340520766647583
3,4,0.5112016014234875,0.016696652693162128
4,5,0.43648065407646247,0.017646765367085177
5,6,0.4319421987155271,0.0154837007305999
6,7,0.38270909506398537,0.016148536665294526
