,bin,freq_mean,margin_of_error
0,1,0.8457686332531903,0.019490834599192798
1,2,0.7107381454162276,0.018698468281041627
2,3,0.5619761827608555,0.016342661048901808
3,4,0.5102257064721969,0.01687898390165818
4,5,0.48256546572934966,0.016974099055622468
5,6,0.5333329150233058,0.01694280904938778
6,7,0.4725741208470954,0.01626461851726314
