,bin,freq_mean,margin_of_error
0,1,0.9293360676749551,0.02484484046123759
1,2,0.7889793906810036,0.020630750963215143
2,3,0.6035702299043464,0.017201870985743394
3,4,0.5708173739571998,0.018647357723265496
4,5,0.5393702573048407,0.0194001430878494
5,6,0.6126422441195168,0.01753485044695966
6,7,0.5540419152023215,0.016969680959995685
