,bin,freq_mean,margin_of_error
0,1,0.7702592816787731,0.020200539923716863
1,2,0.5203834365325077,0.015256707029850956
2,3,0.4632626801152738,0.014629663299361365
3,4,0.3930026567481402,0.014796744269858055
4,5,0.3617552714221624,0.016174358527118928
5,6,0.37158963323353295,0.01577965323125914
6,7,0.38864027416686364,0.017336177711756086
