,bin,freq_mean,margin_of_error
0,1,0.8301796116504854,0.021476773643996656
1,2,0.6862822222222222,0.01902104046787129
2,3,0.5675298352263637,0.017412705275192637
3,4,0.5433896417300911,0.01763890213687577
4,5,0.4870499665402632,0.019018822371483883
5,6,0.524924386920981,0.016439515475800005
6,7,0.4373958562522919,0.016348656985796847
