,bin,freq_mean,margin_of_error
0,1,1.1113836386344713,0.012011050224238937
1,2,1.3058543445504769,0.013206046816973377
2,3,1.4831771833202203,0.01400597955833194
3,4,1.5648137076193949,0.015736186516918785
4,5,1.6171194898187513,0.01776628981121082
5,6,1.5394008431406991,0.01766486104963808
6,7,0.853988582302569,0.022153492942833416
