,bin,freq_mean,margin_of_error
0,1,1.071513818386915,0.01068663306612072
1,2,1.2295752608047692,0.012931260292418237
2,3,1.3483289285145679,0.014321990627442022
3,4,1.301460372534697,0.01693370471140848
4,5,1.2290624164065982,0.019818305340418486
5,6,1.1379814781834372,0.018154072014688015
6,7,0.7809518572317908,0.020200711067445195
