,bin,freq_mean,margin_of_error
0,1,0.2972678800307613,0.0157724451236153
1,2,0.12830985663082436,0.009893944288588833
2,3,0.13807064943782515,0.01003068128157324
3,4,0.21340551323902793,0.012053767773508346
4,5,0.30288552115133016,0.015619319170654847
5,6,0.37495502225047683,0.013863533045610202
6,7,0.2984243108173464,0.012218587117992622
