,bin,freq_mean,margin_of_error
0,1,1.0930370640861784,0.011265314923866942
1,2,1.2318983998757183,0.01213680649883336
2,3,1.3570331329942982,0.013676763281903733
3,4,1.457204982206406,0.015258563672108273
4,5,1.4682058959005069,0.020214638907591606
5,6,1.3335889686437477,0.02072988588083605
6,7,1.6300452468007312,0.022886976863039258
