,bin,freq_mean,margin_of_error
0,1,1.0391592009685229,0.01269248600127713
1,2,1.1339831269349847,0.011008897171575483
2,3,1.2136612391930834,0.012358809048826412
3,4,1.2396629472192702,0.016515955063410526
4,5,1.224066173171826,0.019462448903601895
5,6,1.1615464071856287,0.020382291778011114
6,7,0.8796218388087922,0.02318877831792312
