,bin,freq_mean,margin_of_error
0,1,0.6646148766750827,0.01590539804958507
1,2,0.5640953421893391,0.016307720570361763
2,3,0.5493187520102927,0.016832784394694787
3,4,0.6439423499267937,0.01944861731645104
4,5,0.6183662477558348,0.020831522400035402
5,6,0.4642340501155145,0.01712321387751854
6,7,0.29393254735214525,0.01470276299284381
