,bin,freq_mean,margin_of_error
0,1,1.0982890697244312,0.010069722472111164
1,2,1.3345930804355461,0.01374450169929071
2,3,1.4896702851587815,0.013566253183251232
3,4,1.534986873290793,0.0157342032354534
4,5,1.5011913444639717,0.018929231340267545
5,6,1.3582569021154536,0.018139162897333343
6,7,1.4121387215853898,0.021382228990833117
