,bin,freq_mean,margin_of_error
0,1,0.3800681818181818,0.016703952537147883
1,2,0.14159288194444447,0.009948404350632802
2,3,0.13946163912972356,0.009926575978438119
3,4,0.18888046435697442,0.011791326952379154
4,5,0.18428905560458964,0.012830753431038984
5,6,0.20964807082011022,0.011068695557524861
6,7,0.4132193014043933,0.016129307900615297
