,bin,freq_mean,margin_of_error
0,1,0.6851881568828505,0.020964532371570973
1,2,0.7072370967741936,0.01849668630871355
2,3,0.6898056720926331,0.017636191593830234
3,4,0.6482076532462823,0.017700670718509327
4,5,0.6294467945922372,0.019039813627356794
5,6,0.604051652892562,0.01639540136860765
6,7,0.6385785910043527,0.016588628818410722
