,bin,freq_mean,margin_of_error
0,1,0.6077703122147161,0.01730832567638083
1,2,0.5153691160478484,0.014929346921518268
2,3,0.4730454615503159,0.014309802860214917
3,4,0.474952846975089,0.015649702054860336
4,5,0.4865753109166283,0.018359808946046153
5,6,0.49438779750661127,0.016769064933017122
6,7,0.4631606489945155,0.018282264894146
