,bin,freq_mean,margin_of_error
0,1,0.573538006288145,0.01655400329986507
1,2,0.5386986301369863,0.015659350309011333
2,3,0.5261174659753727,0.014914648485400325
3,4,0.5165281677301732,0.016517247986676125
4,5,0.5222056239015817,0.018249470120972753
5,6,0.5130441018286124,0.016388383270806807
6,7,0.5483073635127259,0.017325941218944308
