,bin,freq_mean,margin_of_error
0,1,0.5938439685314686,0.019421888352584193
1,2,0.5254734375000001,0.01597979301091173
2,3,0.4412336005234746,0.015285463803808482
3,4,0.4424253582441502,0.015406834226928767
4,5,0.4444218887908209,0.017609939196055708
5,6,0.4782598964422916,0.014943839375356613
6,7,0.49120597767374863,0.01597297251129916
