,bin,freq_mean,margin_of_error
0,1,0.5712748636961835,0.01704142598468529
1,2,0.5512167577413479,0.015395945796061631
2,3,0.5777422384970547,0.01616555879541925
3,4,0.5860748721694667,0.01672815472556714
4,5,0.6064794917521176,0.018954623879583507
5,6,0.592565983971505,0.01690537689448103
6,7,0.595334094210417,0.018483360639607555
