,bin,freq_mean,margin_of_error
0,1,0.6321264246517518,0.018914712744837407
1,2,0.6329268376068375,0.016944455822845123
2,3,0.6410590305551112,0.01603647911444421
3,4,0.6070352700946725,0.017443111020256752
4,5,0.626788311398617,0.019895691997824354
5,6,0.5864732629427792,0.01770350196894545
6,7,0.6035339200586725,0.01817329029968778
