,bin,freq_mean,margin_of_error
0,1,0.605726686094921,0.017959395650131306
1,2,0.6003679892851163,0.015469416303605103
2,3,0.5933271439811172,0.015546780530915912
3,4,0.5622692307692307,0.016385352145245453
4,5,0.5567245468784962,0.018483827988462216
5,6,0.4948440189706658,0.015849175141313336
6,7,0.6114856327307326,0.018230117770833734
