,bin,freq_mean,margin_of_error
0,1,0.6391971347861177,0.019044549876099513
1,2,0.611587306501548,0.016046844927673568
2,3,0.5931255043227666,0.015657488725154625
3,4,0.6007947219270279,0.016844920661476137
4,5,0.6021689098250337,0.018519205332366007
5,6,0.6015145958083833,0.01816916825478639
6,7,0.6149290947766485,0.021023287151723375
