,bin,freq_mean,margin_of_error
0,1,0.673747329578559,0.017600251303542383
1,2,0.6600386749621657,0.016817679034197838
2,3,0.6617233837246704,0.017272028060302785
3,4,0.6725525256222548,0.01788712837775678
4,5,0.677415619389587,0.021213447315425522
5,6,0.6771204904922695,0.017429568132226313
6,7,0.6956921144182451,0.01923435687801195
